{
  "pools": [
    {
      "rolls": 1,
      "entries": [
        {
          "type": "item",
          "name": "minecraft:white_stained_glass_pane",
          "weight": 1,
          "functions": [
            {
              "function": "set_count",
              "count": {
                "max": 100,
                "min": 0
              }
            },
            {
              "function": "set_nbt",
              "tag": "{ThisIsRandomItem:1b,NoGravity:1b,PickupDelay:32767s}"
            }
          ]
        }
      ]
    }
  ]
}